{"initial_reset_timestamp": 1614063412.0643625, "timestamps": [1614063417.6751654, 1614063423.306932, 1614063424.086284, 1614063424.8468478, 1614063425.6029813, 1614063426.2844417, 1614063427.0057044, 1614063427.6763015, 1614063432.9459684, 1614063433.722094], "episode_lengths": [1000, 1000, 1000, 1000, 1000, 1000, 1000, 1000, 1000, 1000], "episode_rewards": [1000.0, 1000.0, 1000.0, 1000.0, 1000.0, 1000.0, 1000.0, 1000.0, 1000.0, 1000.0], "episode_types": ["t", "t", "t", "t", "t", "t", "t", "t", "t", "t"]}