{"initial_reset_timestamp": 1614383567.707041, "timestamps": [1614383570.450808, 1614383570.644673, 1614383570.684907, 1614383570.731893, 1614383570.753164, 1614383570.769202, 1614383570.780092, 1614383570.78861, 1614383570.897716, 1614383570.91615], "episode_lengths": [16, 30, 34, 18, 29, 28, 17, 21, 19, 29], "episode_rewards": [16.0, 30.0, 34.0, 18.0, 29.0, 28.0, 17.0, 21.0, 19.0, 29.0], "episode_types": ["t", "t", "t", "t", "t", "t", "t", "t", "t", "t"]}